rom,tile_index,image_path
About Kyatto Ninden Teyandee (R) (PD),0,tiles/About Kyatto Ninden Teyandee (R) (PD)_tile0.png
About Kyatto Ninden Teyandee (R) (PD),1,tiles/About Kyatto Ninden Teyandee (R) (PD)_tile1.png
About Kyatto Ninden Teyandee (R) (PD),2,tiles/About Kyatto Ninden Teyandee (R) (PD)_tile2.png
About Kyatto Ninden Teyandee (R) (PD),3,tiles/About Kyatto Ninden Teyandee (R) (PD)_tile3.png
About Kyatto Ninden Teyandee (R) (PD),4,tiles/About Kyatto Ninden Teyandee (R) (PD)_tile4.png
About Kyatto Ninden Teyandee (R) (PD),5,tiles/About Kyatto Ninden Teyandee (R) (PD)_tile5.png
About Kyatto Ninden Teyandee (R) (PD),6,tiles/About Kyatto Ninden Teyandee (R) (PD)_tile6.png
About Kyatto Ninden Teyandee (R) (PD),7,tiles/About Kyatto Ninden Teyandee (R) (PD)_tile7.png
About Kyatto Ninden Teyandee (R) (PD),8,tiles/About Kyatto Ninden Teyandee (R) (PD)_tile8.png
About Kyatto Ninden Teyandee (R) (PD),9,tiles/About Kyatto Ninden Teyandee (R) (PD)_tile9.png
About Kyatto Ninden Teyandee (R) (PD),10,tiles/About Kyatto Ninden Teyandee (R) (PD)_tile10.png
About Kyatto Ninden Teyandee (R) (PD),11,tiles/About Kyatto Ninden Teyandee (R) (PD)_tile11.png
About Kyatto Ninden Teyandee (R) (PD),12,tiles/About Kyatto Ninden Teyandee (R) (PD)_tile12.png
About Kyatto Ninden Teyandee (R) (PD),13,tiles/About Kyatto Ninden Teyandee (R) (PD)_tile13.png
About Kyatto Ninden Teyandee (R) (PD),14,tiles/About Kyatto Ninden Teyandee (R) (PD)_tile14.png
About Kyatto Ninden Teyandee (R) (PD),15,tiles/About Kyatto Ninden Teyandee (R) (PD)_tile15.png
About Kyatto Ninden Teyandee (R) (PD),16,tiles/About Kyatto Ninden Teyandee (R) (PD)_tile16.png
About Kyatto Ninden Teyandee (R) (PD),17,tiles/About Kyatto Ninden Teyandee (R) (PD)_tile17.png
About Kyatto Ninden Teyandee (R) (PD),18,tiles/About Kyatto Ninden Teyandee (R) (PD)_tile18.png
About Kyatto Ninden Teyandee (R) (PD),19,tiles/About Kyatto Ninden Teyandee (R) (PD)_tile19.png
About Kyatto Ninden Teyandee (R) (PD),20,tiles/About Kyatto Ninden Teyandee (R) (PD)_tile20.png
About Kyatto Ninden Teyandee (R) (PD),21,tiles/About Kyatto Ninden Teyandee (R) (PD)_tile21.png
About Kyatto Ninden Teyandee (R) (PD),22,tiles/About Kyatto Ninden Teyandee (R) (PD)_tile22.png
About Kyatto Ninden Teyandee (R) (PD),23,tiles/About Kyatto Ninden Teyandee (R) (PD)_tile23.png
About Kyatto Ninden Teyandee (R) (PD),24,tiles/About Kyatto Ninden Teyandee (R) (PD)_tile24.png
About Kyatto Ninden Teyandee (R) (PD),25,tiles/About Kyatto Ninden Teyandee (R) (PD)_tile25.png
About Kyatto Ninden Teyandee (R) (PD),26,tiles/About Kyatto Ninden Teyandee (R) (PD)_tile26.png
About Kyatto Ninden Teyandee (R) (PD),27,tiles/About Kyatto Ninden Teyandee (R) (PD)_tile27.png
About Kyatto Ninden Teyandee (R) (PD),28,tiles/About Kyatto Ninden Teyandee (R) (PD)_tile28.png
About Kyatto Ninden Teyandee (R) (PD),29,tiles/About Kyatto Ninden Teyandee (R) (PD)_tile29.png
About Kyatto Ninden Teyandee (R) (PD),30,tiles/About Kyatto Ninden Teyandee (R) (PD)_tile30.png
About Kyatto Ninden Teyandee (R) (PD),31,tiles/About Kyatto Ninden Teyandee (R) (PD)_tile31.png
About Kyatto Ninden Teyandee (R) (PD),32,tiles/About Kyatto Ninden Teyandee (R) (PD)_tile32.png
About Kyatto Ninden Teyandee (R) (PD),33,tiles/About Kyatto Ninden Teyandee (R) (PD)_tile33.png
About Kyatto Ninden Teyandee (R) (PD),34,tiles/About Kyatto Ninden Teyandee (R) (PD)_tile34.png
About Kyatto Ninden Teyandee (R) (PD),35,tiles/About Kyatto Ninden Teyandee (R) (PD)_tile35.png
About Kyatto Ninden Teyandee (R) (PD),36,tiles/About Kyatto Ninden Teyandee (R) (PD)_tile36.png
About Kyatto Ninden Teyandee (R) (PD),37,tiles/About Kyatto Ninden Teyandee (R) (PD)_tile37.png
About Kyatto Ninden Teyandee (R) (PD),38,tiles/About Kyatto Ninden Teyandee (R) (PD)_tile38.png
About Kyatto Ninden Teyandee (R) (PD),39,tiles/About Kyatto Ninden Teyandee (R) (PD)_tile39.png
About Kyatto Ninden Teyandee (R) (PD),40,tiles/About Kyatto Ninden Teyandee (R) (PD)_tile40.png
About Kyatto Ninden Teyandee (R) (PD),41,tiles/About Kyatto Ninden Teyandee (R) (PD)_tile41.png
About Kyatto Ninden Teyandee (R) (PD),42,tiles/About Kyatto Ninden Teyandee (R) (PD)_tile42.png
About Kyatto Ninden Teyandee (R) (PD),43,tiles/About Kyatto Ninden Teyandee (R) (PD)_tile43.png
About Kyatto Ninden Teyandee (R) (PD),44,tiles/About Kyatto Ninden Teyandee (R) (PD)_tile44.png
About Kyatto Ninden Teyandee (R) (PD),45,tiles/About Kyatto Ninden Teyandee (R) (PD)_tile45.png
About Kyatto Ninden Teyandee (R) (PD),46,tiles/About Kyatto Ninden Teyandee (R) (PD)_tile46.png
About Kyatto Ninden Teyandee (R) (PD),47,tiles/About Kyatto Ninden Teyandee (R) (PD)_tile47.png
About Kyatto Ninden Teyandee (R) (PD),48,tiles/About Kyatto Ninden Teyandee (R) (PD)_tile48.png
About Kyatto Ninden Teyandee (R) (PD),49,tiles/About Kyatto Ninden Teyandee (R) (PD)_tile49.png
About Kyatto Ninden Teyandee (R) (PD),50,tiles/About Kyatto Ninden Teyandee (R) (PD)_tile50.png
About Kyatto Ninden Teyandee (R) (PD),51,tiles/About Kyatto Ninden Teyandee (R) (PD)_tile51.png
About Kyatto Ninden Teyandee (R) (PD),52,tiles/About Kyatto Ninden Teyandee (R) (PD)_tile52.png
About Kyatto Ninden Teyandee (R) (PD),53,tiles/About Kyatto Ninden Teyandee (R) (PD)_tile53.png
About Kyatto Ninden Teyandee (R) (PD),54,tiles/About Kyatto Ninden Teyandee (R) (PD)_tile54.png
About Kyatto Ninden Teyandee (R) (PD),55,tiles/About Kyatto Ninden Teyandee (R) (PD)_tile55.png
About Kyatto Ninden Teyandee (R) (PD),56,tiles/About Kyatto Ninden Teyandee (R) (PD)_tile56.png
About Kyatto Ninden Teyandee (R) (PD),57,tiles/About Kyatto Ninden Teyandee (R) (PD)_tile57.png
About Kyatto Ninden Teyandee (R) (PD),58,tiles/About Kyatto Ninden Teyandee (R) (PD)_tile58.png
About Kyatto Ninden Teyandee (R) (PD),59,tiles/About Kyatto Ninden Teyandee (R) (PD)_tile59.png
About Kyatto Ninden Teyandee (R) (PD),60,tiles/About Kyatto Ninden Teyandee (R) (PD)_tile60.png
About Kyatto Ninden Teyandee (R) (PD),61,tiles/About Kyatto Ninden Teyandee (R) (PD)_tile61.png
About Kyatto Ninden Teyandee (R) (PD),62,tiles/About Kyatto Ninden Teyandee (R) (PD)_tile62.png
About Kyatto Ninden Teyandee (R) (PD),63,tiles/About Kyatto Ninden Teyandee (R) (PD)_tile63.png
About Kyatto Ninden Teyandee (R) (PD),64,tiles/About Kyatto Ninden Teyandee (R) (PD)_tile64.png
About Kyatto Ninden Teyandee (R) (PD),65,tiles/About Kyatto Ninden Teyandee (R) (PD)_tile65.png
About Kyatto Ninden Teyandee (R) (PD),66,tiles/About Kyatto Ninden Teyandee (R) (PD)_tile66.png
About Kyatto Ninden Teyandee (R) (PD),67,tiles/About Kyatto Ninden Teyandee (R) (PD)_tile67.png
About Kyatto Ninden Teyandee (R) (PD),68,tiles/About Kyatto Ninden Teyandee (R) (PD)_tile68.png
About Kyatto Ninden Teyandee (R) (PD),69,tiles/About Kyatto Ninden Teyandee (R) (PD)_tile69.png
About Kyatto Ninden Teyandee (R) (PD),70,tiles/About Kyatto Ninden Teyandee (R) (PD)_tile70.png
About Kyatto Ninden Teyandee (R) (PD),71,tiles/About Kyatto Ninden Teyandee (R) (PD)_tile71.png
About Kyatto Ninden Teyandee (R) (PD),72,tiles/About Kyatto Ninden Teyandee (R) (PD)_tile72.png
About Kyatto Ninden Teyandee (R) (PD),73,tiles/About Kyatto Ninden Teyandee (R) (PD)_tile73.png
About Kyatto Ninden Teyandee (R) (PD),74,tiles/About Kyatto Ninden Teyandee (R) (PD)_tile74.png
About Kyatto Ninden Teyandee (R) (PD),75,tiles/About Kyatto Ninden Teyandee (R) (PD)_tile75.png
About Kyatto Ninden Teyandee (R) (PD),76,tiles/About Kyatto Ninden Teyandee (R) (PD)_tile76.png
About Kyatto Ninden Teyandee (R) (PD),77,tiles/About Kyatto Ninden Teyandee (R) (PD)_tile77.png
About Kyatto Ninden Teyandee (R) (PD),78,tiles/About Kyatto Ninden Teyandee (R) (PD)_tile78.png
About Kyatto Ninden Teyandee (R) (PD),79,tiles/About Kyatto Ninden Teyandee (R) (PD)_tile79.png
About Kyatto Ninden Teyandee (R) (PD),80,tiles/About Kyatto Ninden Teyandee (R) (PD)_tile80.png
About Kyatto Ninden Teyandee (R) (PD),81,tiles/About Kyatto Ninden Teyandee (R) (PD)_tile81.png
About Kyatto Ninden Teyandee (R) (PD),82,tiles/About Kyatto Ninden Teyandee (R) (PD)_tile82.png
About Kyatto Ninden Teyandee (R) (PD),83,tiles/About Kyatto Ninden Teyandee (R) (PD)_tile83.png
About Kyatto Ninden Teyandee (R) (PD),84,tiles/About Kyatto Ninden Teyandee (R) (PD)_tile84.png
About Kyatto Ninden Teyandee (R) (PD),85,tiles/About Kyatto Ninden Teyandee (R) (PD)_tile85.png
About Kyatto Ninden Teyandee (R) (PD),86,tiles/About Kyatto Ninden Teyandee (R) (PD)_tile86.png
About Kyatto Ninden Teyandee (R) (PD),87,tiles/About Kyatto Ninden Teyandee (R) (PD)_tile87.png
About Kyatto Ninden Teyandee (R) (PD),88,tiles/About Kyatto Ninden Teyandee (R) (PD)_tile88.png
About Kyatto Ninden Teyandee (R) (PD),89,tiles/About Kyatto Ninden Teyandee (R) (PD)_tile89.png
About Kyatto Ninden Teyandee (R) (PD),90,tiles/About Kyatto Ninden Teyandee (R) (PD)_tile90.png
About Kyatto Ninden Teyandee (R) (PD),91,tiles/About Kyatto Ninden Teyandee (R) (PD)_tile91.png
About Kyatto Ninden Teyandee (R) (PD),92,tiles/About Kyatto Ninden Teyandee (R) (PD)_tile92.png
About Kyatto Ninden Teyandee (R) (PD),93,tiles/About Kyatto Ninden Teyandee (R) (PD)_tile93.png
About Kyatto Ninden Teyandee (R) (PD),94,tiles/About Kyatto Ninden Teyandee (R) (PD)_tile94.png
About Kyatto Ninden Teyandee (R) (PD),95,tiles/About Kyatto Ninden Teyandee (R) (PD)_tile95.png
About Kyatto Ninden Teyandee (R) (PD),96,tiles/About Kyatto Ninden Teyandee (R) (PD)_tile96.png
About Kyatto Ninden Teyandee (R) (PD),97,tiles/About Kyatto Ninden Teyandee (R) (PD)_tile97.png
About Kyatto Ninden Teyandee (R) (PD),98,tiles/About Kyatto Ninden Teyandee (R) (PD)_tile98.png
About Kyatto Ninden Teyandee (R) (PD),99,tiles/About Kyatto Ninden Teyandee (R) (PD)_tile99.png
About Kyatto Ninden Teyandee (R) (PD),100,tiles/About Kyatto Ninden Teyandee (R) (PD)_tile100.png
About Kyatto Ninden Teyandee (R) (PD),101,tiles/About Kyatto Ninden Teyandee (R) (PD)_tile101.png
About Kyatto Ninden Teyandee (R) (PD),102,tiles/About Kyatto Ninden Teyandee (R) (PD)_tile102.png
About Kyatto Ninden Teyandee (R) (PD),103,tiles/About Kyatto Ninden Teyandee (R) (PD)_tile103.png
About Kyatto Ninden Teyandee (R) (PD),104,tiles/About Kyatto Ninden Teyandee (R) (PD)_tile104.png
About Kyatto Ninden Teyandee (R) (PD),105,tiles/About Kyatto Ninden Teyandee (R) (PD)_tile105.png
About Kyatto Ninden Teyandee (R) (PD),106,tiles/About Kyatto Ninden Teyandee (R) (PD)_tile106.png
About Kyatto Ninden Teyandee (R) (PD),107,tiles/About Kyatto Ninden Teyandee (R) (PD)_tile107.png
About Kyatto Ninden Teyandee (R) (PD),108,tiles/About Kyatto Ninden Teyandee (R) (PD)_tile108.png
About Kyatto Ninden Teyandee (R) (PD),109,tiles/About Kyatto Ninden Teyandee (R) (PD)_tile109.png
About Kyatto Ninden Teyandee (R) (PD),110,tiles/About Kyatto Ninden Teyandee (R) (PD)_tile110.png
About Kyatto Ninden Teyandee (R) (PD),111,tiles/About Kyatto Ninden Teyandee (R) (PD)_tile111.png
About Kyatto Ninden Teyandee (R) (PD),112,tiles/About Kyatto Ninden Teyandee (R) (PD)_tile112.png
About Kyatto Ninden Teyandee (R) (PD),113,tiles/About Kyatto Ninden Teyandee (R) (PD)_tile113.png
About Kyatto Ninden Teyandee (R) (PD),114,tiles/About Kyatto Ninden Teyandee (R) (PD)_tile114.png
About Kyatto Ninden Teyandee (R) (PD),115,tiles/About Kyatto Ninden Teyandee (R) (PD)_tile115.png
About Kyatto Ninden Teyandee (R) (PD),116,tiles/About Kyatto Ninden Teyandee (R) (PD)_tile116.png
About Kyatto Ninden Teyandee (R) (PD),117,tiles/About Kyatto Ninden Teyandee (R) (PD)_tile117.png
About Kyatto Ninden Teyandee (R) (PD),118,tiles/About Kyatto Ninden Teyandee (R) (PD)_tile118.png
About Kyatto Ninden Teyandee (R) (PD),119,tiles/About Kyatto Ninden Teyandee (R) (PD)_tile119.png
About Kyatto Ninden Teyandee (R) (PD),120,tiles/About Kyatto Ninden Teyandee (R) (PD)_tile120.png
About Kyatto Ninden Teyandee (R) (PD),121,tiles/About Kyatto Ninden Teyandee (R) (PD)_tile121.png
About Kyatto Ninden Teyandee (R) (PD),122,tiles/About Kyatto Ninden Teyandee (R) (PD)_tile122.png
About Kyatto Ninden Teyandee (R) (PD),123,tiles/About Kyatto Ninden Teyandee (R) (PD)_tile123.png
About Kyatto Ninden Teyandee (R) (PD),124,tiles/About Kyatto Ninden Teyandee (R) (PD)_tile124.png
About Kyatto Ninden Teyandee (R) (PD),125,tiles/About Kyatto Ninden Teyandee (R) (PD)_tile125.png
About Kyatto Ninden Teyandee (R) (PD),126,tiles/About Kyatto Ninden Teyandee (R) (PD)_tile126.png
About Kyatto Ninden Teyandee (R) (PD),127,tiles/About Kyatto Ninden Teyandee (R) (PD)_tile127.png
About Kyatto Ninden Teyandee (R) (PD),128,tiles/About Kyatto Ninden Teyandee (R) (PD)_tile128.png
About Kyatto Ninden Teyandee (R) (PD),129,tiles/About Kyatto Ninden Teyandee (R) (PD)_tile129.png
About Kyatto Ninden Teyandee (R) (PD),130,tiles/About Kyatto Ninden Teyandee (R) (PD)_tile130.png
About Kyatto Ninden Teyandee (R) (PD),131,tiles/About Kyatto Ninden Teyandee (R) (PD)_tile131.png
About Kyatto Ninden Teyandee (R) (PD),132,tiles/About Kyatto Ninden Teyandee (R) (PD)_tile132.png
About Kyatto Ninden Teyandee (R) (PD),133,tiles/About Kyatto Ninden Teyandee (R) (PD)_tile133.png
About Kyatto Ninden Teyandee (R) (PD),134,tiles/About Kyatto Ninden Teyandee (R) (PD)_tile134.png
About Kyatto Ninden Teyandee (R) (PD),135,tiles/About Kyatto Ninden Teyandee (R) (PD)_tile135.png
About Kyatto Ninden Teyandee (R) (PD),136,tiles/About Kyatto Ninden Teyandee (R) (PD)_tile136.png
About Kyatto Ninden Teyandee (R) (PD),137,tiles/About Kyatto Ninden Teyandee (R) (PD)_tile137.png
About Kyatto Ninden Teyandee (R) (PD),138,tiles/About Kyatto Ninden Teyandee (R) (PD)_tile138.png
About Kyatto Ninden Teyandee (R) (PD),139,tiles/About Kyatto Ninden Teyandee (R) (PD)_tile139.png
About Kyatto Ninden Teyandee (R) (PD),140,tiles/About Kyatto Ninden Teyandee (R) (PD)_tile140.png
About Kyatto Ninden Teyandee (R) (PD),141,tiles/About Kyatto Ninden Teyandee (R) (PD)_tile141.png
About Kyatto Ninden Teyandee (R) (PD),142,tiles/About Kyatto Ninden Teyandee (R) (PD)_tile142.png
About Kyatto Ninden Teyandee (R) (PD),143,tiles/About Kyatto Ninden Teyandee (R) (PD)_tile143.png
About Kyatto Ninden Teyandee (R) (PD),144,tiles/About Kyatto Ninden Teyandee (R) (PD)_tile144.png
About Kyatto Ninden Teyandee (R) (PD),145,tiles/About Kyatto Ninden Teyandee (R) (PD)_tile145.png
About Kyatto Ninden Teyandee (R) (PD),146,tiles/About Kyatto Ninden Teyandee (R) (PD)_tile146.png
About Kyatto Ninden Teyandee (R) (PD),147,tiles/About Kyatto Ninden Teyandee (R) (PD)_tile147.png
About Kyatto Ninden Teyandee (R) (PD),148,tiles/About Kyatto Ninden Teyandee (R) (PD)_tile148.png
About Kyatto Ninden Teyandee (R) (PD),149,tiles/About Kyatto Ninden Teyandee (R) (PD)_tile149.png
About Kyatto Ninden Teyandee (R) (PD),150,tiles/About Kyatto Ninden Teyandee (R) (PD)_tile150.png
About Kyatto Ninden Teyandee (R) (PD),151,tiles/About Kyatto Ninden Teyandee (R) (PD)_tile151.png
About Kyatto Ninden Teyandee (R) (PD),152,tiles/About Kyatto Ninden Teyandee (R) (PD)_tile152.png
About Kyatto Ninden Teyandee (R) (PD),153,tiles/About Kyatto Ninden Teyandee (R) (PD)_tile153.png
About Kyatto Ninden Teyandee (R) (PD),154,tiles/About Kyatto Ninden Teyandee (R) (PD)_tile154.png
About Kyatto Ninden Teyandee (R) (PD),155,tiles/About Kyatto Ninden Teyandee (R) (PD)_tile155.png
About Kyatto Ninden Teyandee (R) (PD),156,tiles/About Kyatto Ninden Teyandee (R) (PD)_tile156.png
About Kyatto Ninden Teyandee (R) (PD),157,tiles/About Kyatto Ninden Teyandee (R) (PD)_tile157.png
About Kyatto Ninden Teyandee (R) (PD),158,tiles/About Kyatto Ninden Teyandee (R) (PD)_tile158.png
About Kyatto Ninden Teyandee (R) (PD),159,tiles/About Kyatto Ninden Teyandee (R) (PD)_tile159.png
About Kyatto Ninden Teyandee (R) (PD),160,tiles/About Kyatto Ninden Teyandee (R) (PD)_tile160.png
About Kyatto Ninden Teyandee (R) (PD),161,tiles/About Kyatto Ninden Teyandee (R) (PD)_tile161.png
About Kyatto Ninden Teyandee (R) (PD),162,tiles/About Kyatto Ninden Teyandee (R) (PD)_tile162.png
About Kyatto Ninden Teyandee (R) (PD),163,tiles/About Kyatto Ninden Teyandee (R) (PD)_tile163.png
About Kyatto Ninden Teyandee (R) (PD),164,tiles/About Kyatto Ninden Teyandee (R) (PD)_tile164.png
About Kyatto Ninden Teyandee (R) (PD),165,tiles/About Kyatto Ninden Teyandee (R) (PD)_tile165.png
About Kyatto Ninden Teyandee (R) (PD),166,tiles/About Kyatto Ninden Teyandee (R) (PD)_tile166.png
About Kyatto Ninden Teyandee (R) (PD),167,tiles/About Kyatto Ninden Teyandee (R) (PD)_tile167.png
About Kyatto Ninden Teyandee (R) (PD),168,tiles/About Kyatto Ninden Teyandee (R) (PD)_tile168.png
About Kyatto Ninden Teyandee (R) (PD),169,tiles/About Kyatto Ninden Teyandee (R) (PD)_tile169.png
About Kyatto Ninden Teyandee (R) (PD),170,tiles/About Kyatto Ninden Teyandee (R) (PD)_tile170.png
About Kyatto Ninden Teyandee (R) (PD),171,tiles/About Kyatto Ninden Teyandee (R) (PD)_tile171.png
About Kyatto Ninden Teyandee (R) (PD),172,tiles/About Kyatto Ninden Teyandee (R) (PD)_tile172.png
About Kyatto Ninden Teyandee (R) (PD),173,tiles/About Kyatto Ninden Teyandee (R) (PD)_tile173.png
About Kyatto Ninden Teyandee (R) (PD),174,tiles/About Kyatto Ninden Teyandee (R) (PD)_tile174.png
About Kyatto Ninden Teyandee (R) (PD),175,tiles/About Kyatto Ninden Teyandee (R) (PD)_tile175.png
About Kyatto Ninden Teyandee (R) (PD),176,tiles/About Kyatto Ninden Teyandee (R) (PD)_tile176.png
About Kyatto Ninden Teyandee (R) (PD),177,tiles/About Kyatto Ninden Teyandee (R) (PD)_tile177.png
About Kyatto Ninden Teyandee (R) (PD),178,tiles/About Kyatto Ninden Teyandee (R) (PD)_tile178.png
About Kyatto Ninden Teyandee (R) (PD),179,tiles/About Kyatto Ninden Teyandee (R) (PD)_tile179.png
About Kyatto Ninden Teyandee (R) (PD),180,tiles/About Kyatto Ninden Teyandee (R) (PD)_tile180.png
About Kyatto Ninden Teyandee (R) (PD),181,tiles/About Kyatto Ninden Teyandee (R) (PD)_tile181.png
About Kyatto Ninden Teyandee (R) (PD),182,tiles/About Kyatto Ninden Teyandee (R) (PD)_tile182.png
About Kyatto Ninden Teyandee (R) (PD),183,tiles/About Kyatto Ninden Teyandee (R) (PD)_tile183.png
About Kyatto Ninden Teyandee (R) (PD),184,tiles/About Kyatto Ninden Teyandee (R) (PD)_tile184.png
About Kyatto Ninden Teyandee (R) (PD),185,tiles/About Kyatto Ninden Teyandee (R) (PD)_tile185.png
About Kyatto Ninden Teyandee (R) (PD),186,tiles/About Kyatto Ninden Teyandee (R) (PD)_tile186.png
About Kyatto Ninden Teyandee (R) (PD),187,tiles/About Kyatto Ninden Teyandee (R) (PD)_tile187.png
About Kyatto Ninden Teyandee (R) (PD),188,tiles/About Kyatto Ninden Teyandee (R) (PD)_tile188.png
About Kyatto Ninden Teyandee (R) (PD),189,tiles/About Kyatto Ninden Teyandee (R) (PD)_tile189.png
About Kyatto Ninden Teyandee (R) (PD),190,tiles/About Kyatto Ninden Teyandee (R) (PD)_tile190.png
About Kyatto Ninden Teyandee (R) (PD),191,tiles/About Kyatto Ninden Teyandee (R) (PD)_tile191.png
About Kyatto Ninden Teyandee (R) (PD),192,tiles/About Kyatto Ninden Teyandee (R) (PD)_tile192.png
About Kyatto Ninden Teyandee (R) (PD),193,tiles/About Kyatto Ninden Teyandee (R) (PD)_tile193.png
About Kyatto Ninden Teyandee (R) (PD),194,tiles/About Kyatto Ninden Teyandee (R) (PD)_tile194.png
About Kyatto Ninden Teyandee (R) (PD),195,tiles/About Kyatto Ninden Teyandee (R) (PD)_tile195.png
About Kyatto Ninden Teyandee (R) (PD),196,tiles/About Kyatto Ninden Teyandee (R) (PD)_tile196.png
About Kyatto Ninden Teyandee (R) (PD),197,tiles/About Kyatto Ninden Teyandee (R) (PD)_tile197.png
About Kyatto Ninden Teyandee (R) (PD),198,tiles/About Kyatto Ninden Teyandee (R) (PD)_tile198.png
About Kyatto Ninden Teyandee (R) (PD),199,tiles/About Kyatto Ninden Teyandee (R) (PD)_tile199.png
About Kyatto Ninden Teyandee (R) (PD),200,tiles/About Kyatto Ninden Teyandee (R) (PD)_tile200.png
About Kyatto Ninden Teyandee (R) (PD),201,tiles/About Kyatto Ninden Teyandee (R) (PD)_tile201.png
About Kyatto Ninden Teyandee (R) (PD),202,tiles/About Kyatto Ninden Teyandee (R) (PD)_tile202.png
About Kyatto Ninden Teyandee (R) (PD),203,tiles/About Kyatto Ninden Teyandee (R) (PD)_tile203.png
About Kyatto Ninden Teyandee (R) (PD),204,tiles/About Kyatto Ninden Teyandee (R) (PD)_tile204.png
About Kyatto Ninden Teyandee (R) (PD),205,tiles/About Kyatto Ninden Teyandee (R) (PD)_tile205.png
About Kyatto Ninden Teyandee (R) (PD),206,tiles/About Kyatto Ninden Teyandee (R) (PD)_tile206.png
About Kyatto Ninden Teyandee (R) (PD),207,tiles/About Kyatto Ninden Teyandee (R) (PD)_tile207.png
About Kyatto Ninden Teyandee (R) (PD),208,tiles/About Kyatto Ninden Teyandee (R) (PD)_tile208.png
About Kyatto Ninden Teyandee (R) (PD),209,tiles/About Kyatto Ninden Teyandee (R) (PD)_tile209.png
About Kyatto Ninden Teyandee (R) (PD),210,tiles/About Kyatto Ninden Teyandee (R) (PD)_tile210.png
About Kyatto Ninden Teyandee (R) (PD),211,tiles/About Kyatto Ninden Teyandee (R) (PD)_tile211.png
About Kyatto Ninden Teyandee (R) (PD),212,tiles/About Kyatto Ninden Teyandee (R) (PD)_tile212.png
About Kyatto Ninden Teyandee (R) (PD),213,tiles/About Kyatto Ninden Teyandee (R) (PD)_tile213.png
About Kyatto Ninden Teyandee (R) (PD),214,tiles/About Kyatto Ninden Teyandee (R) (PD)_tile214.png
About Kyatto Ninden Teyandee (R) (PD),215,tiles/About Kyatto Ninden Teyandee (R) (PD)_tile215.png
About Kyatto Ninden Teyandee (R) (PD),216,tiles/About Kyatto Ninden Teyandee (R) (PD)_tile216.png
About Kyatto Ninden Teyandee (R) (PD),217,tiles/About Kyatto Ninden Teyandee (R) (PD)_tile217.png
About Kyatto Ninden Teyandee (R) (PD),218,tiles/About Kyatto Ninden Teyandee (R) (PD)_tile218.png
About Kyatto Ninden Teyandee (R) (PD),219,tiles/About Kyatto Ninden Teyandee (R) (PD)_tile219.png
About Kyatto Ninden Teyandee (R) (PD),220,tiles/About Kyatto Ninden Teyandee (R) (PD)_tile220.png
About Kyatto Ninden Teyandee (R) (PD),221,tiles/About Kyatto Ninden Teyandee (R) (PD)_tile221.png
About Kyatto Ninden Teyandee (R) (PD),222,tiles/About Kyatto Ninden Teyandee (R) (PD)_tile222.png
About Kyatto Ninden Teyandee (R) (PD),223,tiles/About Kyatto Ninden Teyandee (R) (PD)_tile223.png
About Kyatto Ninden Teyandee (R) (PD),224,tiles/About Kyatto Ninden Teyandee (R) (PD)_tile224.png
About Kyatto Ninden Teyandee (R) (PD),225,tiles/About Kyatto Ninden Teyandee (R) (PD)_tile225.png
About Kyatto Ninden Teyandee (R) (PD),226,tiles/About Kyatto Ninden Teyandee (R) (PD)_tile226.png
About Kyatto Ninden Teyandee (R) (PD),227,tiles/About Kyatto Ninden Teyandee (R) (PD)_tile227.png
About Kyatto Ninden Teyandee (R) (PD),228,tiles/About Kyatto Ninden Teyandee (R) (PD)_tile228.png
About Kyatto Ninden Teyandee (R) (PD),229,tiles/About Kyatto Ninden Teyandee (R) (PD)_tile229.png
About Kyatto Ninden Teyandee (R) (PD),230,tiles/About Kyatto Ninden Teyandee (R) (PD)_tile230.png
About Kyatto Ninden Teyandee (R) (PD),231,tiles/About Kyatto Ninden Teyandee (R) (PD)_tile231.png
About Kyatto Ninden Teyandee (R) (PD),232,tiles/About Kyatto Ninden Teyandee (R) (PD)_tile232.png
About Kyatto Ninden Teyandee (R) (PD),233,tiles/About Kyatto Ninden Teyandee (R) (PD)_tile233.png
About Kyatto Ninden Teyandee (R) (PD),234,tiles/About Kyatto Ninden Teyandee (R) (PD)_tile234.png
About Kyatto Ninden Teyandee (R) (PD),235,tiles/About Kyatto Ninden Teyandee (R) (PD)_tile235.png
About Kyatto Ninden Teyandee (R) (PD),236,tiles/About Kyatto Ninden Teyandee (R) (PD)_tile236.png
About Kyatto Ninden Teyandee (R) (PD),237,tiles/About Kyatto Ninden Teyandee (R) (PD)_tile237.png
About Kyatto Ninden Teyandee (R) (PD),238,tiles/About Kyatto Ninden Teyandee (R) (PD)_tile238.png
About Kyatto Ninden Teyandee (R) (PD),239,tiles/About Kyatto Ninden Teyandee (R) (PD)_tile239.png
About Kyatto Ninden Teyandee (R) (PD),240,tiles/About Kyatto Ninden Teyandee (R) (PD)_tile240.png
About Kyatto Ninden Teyandee (R) (PD),241,tiles/About Kyatto Ninden Teyandee (R) (PD)_tile241.png
About Kyatto Ninden Teyandee (R) (PD),242,tiles/About Kyatto Ninden Teyandee (R) (PD)_tile242.png
About Kyatto Ninden Teyandee (R) (PD),243,tiles/About Kyatto Ninden Teyandee (R) (PD)_tile243.png
About Kyatto Ninden Teyandee (R) (PD),244,tiles/About Kyatto Ninden Teyandee (R) (PD)_tile244.png
About Kyatto Ninden Teyandee (R) (PD),245,tiles/About Kyatto Ninden Teyandee (R) (PD)_tile245.png
About Kyatto Ninden Teyandee (R) (PD),246,tiles/About Kyatto Ninden Teyandee (R) (PD)_tile246.png
About Kyatto Ninden Teyandee (R) (PD),247,tiles/About Kyatto Ninden Teyandee (R) (PD)_tile247.png
About Kyatto Ninden Teyandee (R) (PD),248,tiles/About Kyatto Ninden Teyandee (R) (PD)_tile248.png
About Kyatto Ninden Teyandee (R) (PD),249,tiles/About Kyatto Ninden Teyandee (R) (PD)_tile249.png
About Kyatto Ninden Teyandee (R) (PD),250,tiles/About Kyatto Ninden Teyandee (R) (PD)_tile250.png
About Kyatto Ninden Teyandee (R) (PD),251,tiles/About Kyatto Ninden Teyandee (R) (PD)_tile251.png
About Kyatto Ninden Teyandee (R) (PD),252,tiles/About Kyatto Ninden Teyandee (R) (PD)_tile252.png
About Kyatto Ninden Teyandee (R) (PD),253,tiles/About Kyatto Ninden Teyandee (R) (PD)_tile253.png
About Kyatto Ninden Teyandee (R) (PD),254,tiles/About Kyatto Ninden Teyandee (R) (PD)_tile254.png
About Kyatto Ninden Teyandee (R) (PD),255,tiles/About Kyatto Ninden Teyandee (R) (PD)_tile255.png
About Kyatto Ninden Teyandee (R) (PD),256,tiles/About Kyatto Ninden Teyandee (R) (PD)_tile256.png
About Kyatto Ninden Teyandee (R) (PD),257,tiles/About Kyatto Ninden Teyandee (R) (PD)_tile257.png
About Kyatto Ninden Teyandee (R) (PD),258,tiles/About Kyatto Ninden Teyandee (R) (PD)_tile258.png
About Kyatto Ninden Teyandee (R) (PD),259,tiles/About Kyatto Ninden Teyandee (R) (PD)_tile259.png
About Kyatto Ninden Teyandee (R) (PD),260,tiles/About Kyatto Ninden Teyandee (R) (PD)_tile260.png
About Kyatto Ninden Teyandee (R) (PD),261,tiles/About Kyatto Ninden Teyandee (R) (PD)_tile261.png
About Kyatto Ninden Teyandee (R) (PD),262,tiles/About Kyatto Ninden Teyandee (R) (PD)_tile262.png
About Kyatto Ninden Teyandee (R) (PD),263,tiles/About Kyatto Ninden Teyandee (R) (PD)_tile263.png
About Kyatto Ninden Teyandee (R) (PD),264,tiles/About Kyatto Ninden Teyandee (R) (PD)_tile264.png
About Kyatto Ninden Teyandee (R) (PD),265,tiles/About Kyatto Ninden Teyandee (R) (PD)_tile265.png
About Kyatto Ninden Teyandee (R) (PD),266,tiles/About Kyatto Ninden Teyandee (R) (PD)_tile266.png
About Kyatto Ninden Teyandee (R) (PD),267,tiles/About Kyatto Ninden Teyandee (R) (PD)_tile267.png
About Kyatto Ninden Teyandee (R) (PD),268,tiles/About Kyatto Ninden Teyandee (R) (PD)_tile268.png
About Kyatto Ninden Teyandee (R) (PD),269,tiles/About Kyatto Ninden Teyandee (R) (PD)_tile269.png
About Kyatto Ninden Teyandee (R) (PD),270,tiles/About Kyatto Ninden Teyandee (R) (PD)_tile270.png
About Kyatto Ninden Teyandee (R) (PD),271,tiles/About Kyatto Ninden Teyandee (R) (PD)_tile271.png
About Kyatto Ninden Teyandee (R) (PD),272,tiles/About Kyatto Ninden Teyandee (R) (PD)_tile272.png
About Kyatto Ninden Teyandee (R) (PD),273,tiles/About Kyatto Ninden Teyandee (R) (PD)_tile273.png
About Kyatto Ninden Teyandee (R) (PD),274,tiles/About Kyatto Ninden Teyandee (R) (PD)_tile274.png
About Kyatto Ninden Teyandee (R) (PD),275,tiles/About Kyatto Ninden Teyandee (R) (PD)_tile275.png
About Kyatto Ninden Teyandee (R) (PD),276,tiles/About Kyatto Ninden Teyandee (R) (PD)_tile276.png
About Kyatto Ninden Teyandee (R) (PD),277,tiles/About Kyatto Ninden Teyandee (R) (PD)_tile277.png
About Kyatto Ninden Teyandee (R) (PD),278,tiles/About Kyatto Ninden Teyandee (R) (PD)_tile278.png
About Kyatto Ninden Teyandee (R) (PD),279,tiles/About Kyatto Ninden Teyandee (R) (PD)_tile279.png
About Kyatto Ninden Teyandee (R) (PD),280,tiles/About Kyatto Ninden Teyandee (R) (PD)_tile280.png
About Kyatto Ninden Teyandee (R) (PD),281,tiles/About Kyatto Ninden Teyandee (R) (PD)_tile281.png
About Kyatto Ninden Teyandee (R) (PD),282,tiles/About Kyatto Ninden Teyandee (R) (PD)_tile282.png
About Kyatto Ninden Teyandee (R) (PD),283,tiles/About Kyatto Ninden Teyandee (R) (PD)_tile283.png
About Kyatto Ninden Teyandee (R) (PD),284,tiles/About Kyatto Ninden Teyandee (R) (PD)_tile284.png
About Kyatto Ninden Teyandee (R) (PD),285,tiles/About Kyatto Ninden Teyandee (R) (PD)_tile285.png
About Kyatto Ninden Teyandee (R) (PD),286,tiles/About Kyatto Ninden Teyandee (R) (PD)_tile286.png
About Kyatto Ninden Teyandee (R) (PD),287,tiles/About Kyatto Ninden Teyandee (R) (PD)_tile287.png
About Kyatto Ninden Teyandee (R) (PD),288,tiles/About Kyatto Ninden Teyandee (R) (PD)_tile288.png
About Kyatto Ninden Teyandee (R) (PD),289,tiles/About Kyatto Ninden Teyandee (R) (PD)_tile289.png
About Kyatto Ninden Teyandee (R) (PD),290,tiles/About Kyatto Ninden Teyandee (R) (PD)_tile290.png
About Kyatto Ninden Teyandee (R) (PD),291,tiles/About Kyatto Ninden Teyandee (R) (PD)_tile291.png
About Kyatto Ninden Teyandee (R) (PD),292,tiles/About Kyatto Ninden Teyandee (R) (PD)_tile292.png
About Kyatto Ninden Teyandee (R) (PD),293,tiles/About Kyatto Ninden Teyandee (R) (PD)_tile293.png
About Kyatto Ninden Teyandee (R) (PD),294,tiles/About Kyatto Ninden Teyandee (R) (PD)_tile294.png
About Kyatto Ninden Teyandee (R) (PD),295,tiles/About Kyatto Ninden Teyandee (R) (PD)_tile295.png
About Kyatto Ninden Teyandee (R) (PD),296,tiles/About Kyatto Ninden Teyandee (R) (PD)_tile296.png
About Kyatto Ninden Teyandee (R) (PD),297,tiles/About Kyatto Ninden Teyandee (R) (PD)_tile297.png
About Kyatto Ninden Teyandee (R) (PD),298,tiles/About Kyatto Ninden Teyandee (R) (PD)_tile298.png
About Kyatto Ninden Teyandee (R) (PD),299,tiles/About Kyatto Ninden Teyandee (R) (PD)_tile299.png
About Kyatto Ninden Teyandee (R) (PD),300,tiles/About Kyatto Ninden Teyandee (R) (PD)_tile300.png
About Kyatto Ninden Teyandee (R) (PD),301,tiles/About Kyatto Ninden Teyandee (R) (PD)_tile301.png
About Kyatto Ninden Teyandee (R) (PD),302,tiles/About Kyatto Ninden Teyandee (R) (PD)_tile302.png
About Kyatto Ninden Teyandee (R) (PD),303,tiles/About Kyatto Ninden Teyandee (R) (PD)_tile303.png
About Kyatto Ninden Teyandee (R) (PD),304,tiles/About Kyatto Ninden Teyandee (R) (PD)_tile304.png
About Kyatto Ninden Teyandee (R) (PD),305,tiles/About Kyatto Ninden Teyandee (R) (PD)_tile305.png
About Kyatto Ninden Teyandee (R) (PD),306,tiles/About Kyatto Ninden Teyandee (R) (PD)_tile306.png
About Kyatto Ninden Teyandee (R) (PD),307,tiles/About Kyatto Ninden Teyandee (R) (PD)_tile307.png
About Kyatto Ninden Teyandee (R) (PD),308,tiles/About Kyatto Ninden Teyandee (R) (PD)_tile308.png
About Kyatto Ninden Teyandee (R) (PD),309,tiles/About Kyatto Ninden Teyandee (R) (PD)_tile309.png
About Kyatto Ninden Teyandee (R) (PD),310,tiles/About Kyatto Ninden Teyandee (R) (PD)_tile310.png
About Kyatto Ninden Teyandee (R) (PD),311,tiles/About Kyatto Ninden Teyandee (R) (PD)_tile311.png
About Kyatto Ninden Teyandee (R) (PD),312,tiles/About Kyatto Ninden Teyandee (R) (PD)_tile312.png
About Kyatto Ninden Teyandee (R) (PD),313,tiles/About Kyatto Ninden Teyandee (R) (PD)_tile313.png
About Kyatto Ninden Teyandee (R) (PD),314,tiles/About Kyatto Ninden Teyandee (R) (PD)_tile314.png
About Kyatto Ninden Teyandee (R) (PD),315,tiles/About Kyatto Ninden Teyandee (R) (PD)_tile315.png
About Kyatto Ninden Teyandee (R) (PD),316,tiles/About Kyatto Ninden Teyandee (R) (PD)_tile316.png
About Kyatto Ninden Teyandee (R) (PD),317,tiles/About Kyatto Ninden Teyandee (R) (PD)_tile317.png
About Kyatto Ninden Teyandee (R) (PD),318,tiles/About Kyatto Ninden Teyandee (R) (PD)_tile318.png
About Kyatto Ninden Teyandee (R) (PD),319,tiles/About Kyatto Ninden Teyandee (R) (PD)_tile319.png
About Kyatto Ninden Teyandee (R) (PD),320,tiles/About Kyatto Ninden Teyandee (R) (PD)_tile320.png
About Kyatto Ninden Teyandee (R) (PD),321,tiles/About Kyatto Ninden Teyandee (R) (PD)_tile321.png
About Kyatto Ninden Teyandee (R) (PD),322,tiles/About Kyatto Ninden Teyandee (R) (PD)_tile322.png
About Kyatto Ninden Teyandee (R) (PD),323,tiles/About Kyatto Ninden Teyandee (R) (PD)_tile323.png
About Kyatto Ninden Teyandee (R) (PD),324,tiles/About Kyatto Ninden Teyandee (R) (PD)_tile324.png
About Kyatto Ninden Teyandee (R) (PD),325,tiles/About Kyatto Ninden Teyandee (R) (PD)_tile325.png
About Kyatto Ninden Teyandee (R) (PD),326,tiles/About Kyatto Ninden Teyandee (R) (PD)_tile326.png
About Kyatto Ninden Teyandee (R) (PD),327,tiles/About Kyatto Ninden Teyandee (R) (PD)_tile327.png
About Kyatto Ninden Teyandee (R) (PD),328,tiles/About Kyatto Ninden Teyandee (R) (PD)_tile328.png
About Kyatto Ninden Teyandee (R) (PD),329,tiles/About Kyatto Ninden Teyandee (R) (PD)_tile329.png
About Kyatto Ninden Teyandee (R) (PD),330,tiles/About Kyatto Ninden Teyandee (R) (PD)_tile330.png
About Kyatto Ninden Teyandee (R) (PD),331,tiles/About Kyatto Ninden Teyandee (R) (PD)_tile331.png
About Kyatto Ninden Teyandee (R) (PD),332,tiles/About Kyatto Ninden Teyandee (R) (PD)_tile332.png
About Kyatto Ninden Teyandee (R) (PD),333,tiles/About Kyatto Ninden Teyandee (R) (PD)_tile333.png
About Kyatto Ninden Teyandee (R) (PD),334,tiles/About Kyatto Ninden Teyandee (R) (PD)_tile334.png
About Kyatto Ninden Teyandee (R) (PD),335,tiles/About Kyatto Ninden Teyandee (R) (PD)_tile335.png
About Kyatto Ninden Teyandee (R) (PD),336,tiles/About Kyatto Ninden Teyandee (R) (PD)_tile336.png
About Kyatto Ninden Teyandee (R) (PD),337,tiles/About Kyatto Ninden Teyandee (R) (PD)_tile337.png
About Kyatto Ninden Teyandee (R) (PD),338,tiles/About Kyatto Ninden Teyandee (R) (PD)_tile338.png
About Kyatto Ninden Teyandee (R) (PD),339,tiles/About Kyatto Ninden Teyandee (R) (PD)_tile339.png
About Kyatto Ninden Teyandee (R) (PD),340,tiles/About Kyatto Ninden Teyandee (R) (PD)_tile340.png
About Kyatto Ninden Teyandee (R) (PD),341,tiles/About Kyatto Ninden Teyandee (R) (PD)_tile341.png
About Kyatto Ninden Teyandee (R) (PD),342,tiles/About Kyatto Ninden Teyandee (R) (PD)_tile342.png
About Kyatto Ninden Teyandee (R) (PD),343,tiles/About Kyatto Ninden Teyandee (R) (PD)_tile343.png
About Kyatto Ninden Teyandee (R) (PD),344,tiles/About Kyatto Ninden Teyandee (R) (PD)_tile344.png
About Kyatto Ninden Teyandee (R) (PD),345,tiles/About Kyatto Ninden Teyandee (R) (PD)_tile345.png
About Kyatto Ninden Teyandee (R) (PD),346,tiles/About Kyatto Ninden Teyandee (R) (PD)_tile346.png
About Kyatto Ninden Teyandee (R) (PD),347,tiles/About Kyatto Ninden Teyandee (R) (PD)_tile347.png
About Kyatto Ninden Teyandee (R) (PD),348,tiles/About Kyatto Ninden Teyandee (R) (PD)_tile348.png
About Kyatto Ninden Teyandee (R) (PD),349,tiles/About Kyatto Ninden Teyandee (R) (PD)_tile349.png
About Kyatto Ninden Teyandee (R) (PD),350,tiles/About Kyatto Ninden Teyandee (R) (PD)_tile350.png
About Kyatto Ninden Teyandee (R) (PD),351,tiles/About Kyatto Ninden Teyandee (R) (PD)_tile351.png
About Kyatto Ninden Teyandee (R) (PD),352,tiles/About Kyatto Ninden Teyandee (R) (PD)_tile352.png
About Kyatto Ninden Teyandee (R) (PD),353,tiles/About Kyatto Ninden Teyandee (R) (PD)_tile353.png
About Kyatto Ninden Teyandee (R) (PD),354,tiles/About Kyatto Ninden Teyandee (R) (PD)_tile354.png
About Kyatto Ninden Teyandee (R) (PD),355,tiles/About Kyatto Ninden Teyandee (R) (PD)_tile355.png
About Kyatto Ninden Teyandee (R) (PD),356,tiles/About Kyatto Ninden Teyandee (R) (PD)_tile356.png
About Kyatto Ninden Teyandee (R) (PD),357,tiles/About Kyatto Ninden Teyandee (R) (PD)_tile357.png
About Kyatto Ninden Teyandee (R) (PD),358,tiles/About Kyatto Ninden Teyandee (R) (PD)_tile358.png
About Kyatto Ninden Teyandee (R) (PD),359,tiles/About Kyatto Ninden Teyandee (R) (PD)_tile359.png
About Kyatto Ninden Teyandee (R) (PD),360,tiles/About Kyatto Ninden Teyandee (R) (PD)_tile360.png
About Kyatto Ninden Teyandee (R) (PD),361,tiles/About Kyatto Ninden Teyandee (R) (PD)_tile361.png
About Kyatto Ninden Teyandee (R) (PD),362,tiles/About Kyatto Ninden Teyandee (R) (PD)_tile362.png
About Kyatto Ninden Teyandee (R) (PD),363,tiles/About Kyatto Ninden Teyandee (R) (PD)_tile363.png
About Kyatto Ninden Teyandee (R) (PD),364,tiles/About Kyatto Ninden Teyandee (R) (PD)_tile364.png
About Kyatto Ninden Teyandee (R) (PD),365,tiles/About Kyatto Ninden Teyandee (R) (PD)_tile365.png
About Kyatto Ninden Teyandee (R) (PD),366,tiles/About Kyatto Ninden Teyandee (R) (PD)_tile366.png
About Kyatto Ninden Teyandee (R) (PD),367,tiles/About Kyatto Ninden Teyandee (R) (PD)_tile367.png
About Kyatto Ninden Teyandee (R) (PD),368,tiles/About Kyatto Ninden Teyandee (R) (PD)_tile368.png
About Kyatto Ninden Teyandee (R) (PD),369,tiles/About Kyatto Ninden Teyandee (R) (PD)_tile369.png
About Kyatto Ninden Teyandee (R) (PD),370,tiles/About Kyatto Ninden Teyandee (R) (PD)_tile370.png
About Kyatto Ninden Teyandee (R) (PD),371,tiles/About Kyatto Ninden Teyandee (R) (PD)_tile371.png
About Kyatto Ninden Teyandee (R) (PD),372,tiles/About Kyatto Ninden Teyandee (R) (PD)_tile372.png
About Kyatto Ninden Teyandee (R) (PD),373,tiles/About Kyatto Ninden Teyandee (R) (PD)_tile373.png
About Kyatto Ninden Teyandee (R) (PD),374,tiles/About Kyatto Ninden Teyandee (R) (PD)_tile374.png
About Kyatto Ninden Teyandee (R) (PD),375,tiles/About Kyatto Ninden Teyandee (R) (PD)_tile375.png
About Kyatto Ninden Teyandee (R) (PD),376,tiles/About Kyatto Ninden Teyandee (R) (PD)_tile376.png
About Kyatto Ninden Teyandee (R) (PD),377,tiles/About Kyatto Ninden Teyandee (R) (PD)_tile377.png
About Kyatto Ninden Teyandee (R) (PD),378,tiles/About Kyatto Ninden Teyandee (R) (PD)_tile378.png
About Kyatto Ninden Teyandee (R) (PD),379,tiles/About Kyatto Ninden Teyandee (R) (PD)_tile379.png
About Kyatto Ninden Teyandee (R) (PD),380,tiles/About Kyatto Ninden Teyandee (R) (PD)_tile380.png
About Kyatto Ninden Teyandee (R) (PD),381,tiles/About Kyatto Ninden Teyandee (R) (PD)_tile381.png
About Kyatto Ninden Teyandee (R) (PD),382,tiles/About Kyatto Ninden Teyandee (R) (PD)_tile382.png
About Kyatto Ninden Teyandee (R) (PD),383,tiles/About Kyatto Ninden Teyandee (R) (PD)_tile383.png
About Kyatto Ninden Teyandee (R) (PD),384,tiles/About Kyatto Ninden Teyandee (R) (PD)_tile384.png
About Kyatto Ninden Teyandee (R) (PD),385,tiles/About Kyatto Ninden Teyandee (R) (PD)_tile385.png
About Kyatto Ninden Teyandee (R) (PD),386,tiles/About Kyatto Ninden Teyandee (R) (PD)_tile386.png
About Kyatto Ninden Teyandee (R) (PD),387,tiles/About Kyatto Ninden Teyandee (R) (PD)_tile387.png
About Kyatto Ninden Teyandee (R) (PD),388,tiles/About Kyatto Ninden Teyandee (R) (PD)_tile388.png
About Kyatto Ninden Teyandee (R) (PD),389,tiles/About Kyatto Ninden Teyandee (R) (PD)_tile389.png
About Kyatto Ninden Teyandee (R) (PD),390,tiles/About Kyatto Ninden Teyandee (R) (PD)_tile390.png
About Kyatto Ninden Teyandee (R) (PD),391,tiles/About Kyatto Ninden Teyandee (R) (PD)_tile391.png
About Kyatto Ninden Teyandee (R) (PD),392,tiles/About Kyatto Ninden Teyandee (R) (PD)_tile392.png
About Kyatto Ninden Teyandee (R) (PD),393,tiles/About Kyatto Ninden Teyandee (R) (PD)_tile393.png
About Kyatto Ninden Teyandee (R) (PD),394,tiles/About Kyatto Ninden Teyandee (R) (PD)_tile394.png
About Kyatto Ninden Teyandee (R) (PD),395,tiles/About Kyatto Ninden Teyandee (R) (PD)_tile395.png
About Kyatto Ninden Teyandee (R) (PD),396,tiles/About Kyatto Ninden Teyandee (R) (PD)_tile396.png
About Kyatto Ninden Teyandee (R) (PD),397,tiles/About Kyatto Ninden Teyandee (R) (PD)_tile397.png
About Kyatto Ninden Teyandee (R) (PD),398,tiles/About Kyatto Ninden Teyandee (R) (PD)_tile398.png
About Kyatto Ninden Teyandee (R) (PD),399,tiles/About Kyatto Ninden Teyandee (R) (PD)_tile399.png
About Kyatto Ninden Teyandee (R) (PD),400,tiles/About Kyatto Ninden Teyandee (R) (PD)_tile400.png
About Kyatto Ninden Teyandee (R) (PD),401,tiles/About Kyatto Ninden Teyandee (R) (PD)_tile401.png
About Kyatto Ninden Teyandee (R) (PD),402,tiles/About Kyatto Ninden Teyandee (R) (PD)_tile402.png
About Kyatto Ninden Teyandee (R) (PD),403,tiles/About Kyatto Ninden Teyandee (R) (PD)_tile403.png
About Kyatto Ninden Teyandee (R) (PD),404,tiles/About Kyatto Ninden Teyandee (R) (PD)_tile404.png
About Kyatto Ninden Teyandee (R) (PD),405,tiles/About Kyatto Ninden Teyandee (R) (PD)_tile405.png
About Kyatto Ninden Teyandee (R) (PD),406,tiles/About Kyatto Ninden Teyandee (R) (PD)_tile406.png
About Kyatto Ninden Teyandee (R) (PD),407,tiles/About Kyatto Ninden Teyandee (R) (PD)_tile407.png
About Kyatto Ninden Teyandee (R) (PD),408,tiles/About Kyatto Ninden Teyandee (R) (PD)_tile408.png
About Kyatto Ninden Teyandee (R) (PD),409,tiles/About Kyatto Ninden Teyandee (R) (PD)_tile409.png
About Kyatto Ninden Teyandee (R) (PD),410,tiles/About Kyatto Ninden Teyandee (R) (PD)_tile410.png
About Kyatto Ninden Teyandee (R) (PD),411,tiles/About Kyatto Ninden Teyandee (R) (PD)_tile411.png
About Kyatto Ninden Teyandee (R) (PD),412,tiles/About Kyatto Ninden Teyandee (R) (PD)_tile412.png
About Kyatto Ninden Teyandee (R) (PD),413,tiles/About Kyatto Ninden Teyandee (R) (PD)_tile413.png
About Kyatto Ninden Teyandee (R) (PD),414,tiles/About Kyatto Ninden Teyandee (R) (PD)_tile414.png
About Kyatto Ninden Teyandee (R) (PD),415,tiles/About Kyatto Ninden Teyandee (R) (PD)_tile415.png
About Kyatto Ninden Teyandee (R) (PD),416,tiles/About Kyatto Ninden Teyandee (R) (PD)_tile416.png
About Kyatto Ninden Teyandee (R) (PD),417,tiles/About Kyatto Ninden Teyandee (R) (PD)_tile417.png
About Kyatto Ninden Teyandee (R) (PD),418,tiles/About Kyatto Ninden Teyandee (R) (PD)_tile418.png
About Kyatto Ninden Teyandee (R) (PD),419,tiles/About Kyatto Ninden Teyandee (R) (PD)_tile419.png
About Kyatto Ninden Teyandee (R) (PD),420,tiles/About Kyatto Ninden Teyandee (R) (PD)_tile420.png
About Kyatto Ninden Teyandee (R) (PD),421,tiles/About Kyatto Ninden Teyandee (R) (PD)_tile421.png
About Kyatto Ninden Teyandee (R) (PD),422,tiles/About Kyatto Ninden Teyandee (R) (PD)_tile422.png
About Kyatto Ninden Teyandee (R) (PD),423,tiles/About Kyatto Ninden Teyandee (R) (PD)_tile423.png
About Kyatto Ninden Teyandee (R) (PD),424,tiles/About Kyatto Ninden Teyandee (R) (PD)_tile424.png
About Kyatto Ninden Teyandee (R) (PD),425,tiles/About Kyatto Ninden Teyandee (R) (PD)_tile425.png
About Kyatto Ninden Teyandee (R) (PD),426,tiles/About Kyatto Ninden Teyandee (R) (PD)_tile426.png
About Kyatto Ninden Teyandee (R) (PD),427,tiles/About Kyatto Ninden Teyandee (R) (PD)_tile427.png
About Kyatto Ninden Teyandee (R) (PD),428,tiles/About Kyatto Ninden Teyandee (R) (PD)_tile428.png
About Kyatto Ninden Teyandee (R) (PD),429,tiles/About Kyatto Ninden Teyandee (R) (PD)_tile429.png
About Kyatto Ninden Teyandee (R) (PD),430,tiles/About Kyatto Ninden Teyandee (R) (PD)_tile430.png
About Kyatto Ninden Teyandee (R) (PD),431,tiles/About Kyatto Ninden Teyandee (R) (PD)_tile431.png
About Kyatto Ninden Teyandee (R) (PD),432,tiles/About Kyatto Ninden Teyandee (R) (PD)_tile432.png
About Kyatto Ninden Teyandee (R) (PD),433,tiles/About Kyatto Ninden Teyandee (R) (PD)_tile433.png
About Kyatto Ninden Teyandee (R) (PD),434,tiles/About Kyatto Ninden Teyandee (R) (PD)_tile434.png
About Kyatto Ninden Teyandee (R) (PD),435,tiles/About Kyatto Ninden Teyandee (R) (PD)_tile435.png
About Kyatto Ninden Teyandee (R) (PD),436,tiles/About Kyatto Ninden Teyandee (R) (PD)_tile436.png
About Kyatto Ninden Teyandee (R) (PD),437,tiles/About Kyatto Ninden Teyandee (R) (PD)_tile437.png
About Kyatto Ninden Teyandee (R) (PD),438,tiles/About Kyatto Ninden Teyandee (R) (PD)_tile438.png
About Kyatto Ninden Teyandee (R) (PD),439,tiles/About Kyatto Ninden Teyandee (R) (PD)_tile439.png
About Kyatto Ninden Teyandee (R) (PD),440,tiles/About Kyatto Ninden Teyandee (R) (PD)_tile440.png
About Kyatto Ninden Teyandee (R) (PD),441,tiles/About Kyatto Ninden Teyandee (R) (PD)_tile441.png
About Kyatto Ninden Teyandee (R) (PD),442,tiles/About Kyatto Ninden Teyandee (R) (PD)_tile442.png
About Kyatto Ninden Teyandee (R) (PD),443,tiles/About Kyatto Ninden Teyandee (R) (PD)_tile443.png
About Kyatto Ninden Teyandee (R) (PD),444,tiles/About Kyatto Ninden Teyandee (R) (PD)_tile444.png
About Kyatto Ninden Teyandee (R) (PD),445,tiles/About Kyatto Ninden Teyandee (R) (PD)_tile445.png
About Kyatto Ninden Teyandee (R) (PD),446,tiles/About Kyatto Ninden Teyandee (R) (PD)_tile446.png
About Kyatto Ninden Teyandee (R) (PD),447,tiles/About Kyatto Ninden Teyandee (R) (PD)_tile447.png
About Kyatto Ninden Teyandee (R) (PD),448,tiles/About Kyatto Ninden Teyandee (R) (PD)_tile448.png
About Kyatto Ninden Teyandee (R) (PD),449,tiles/About Kyatto Ninden Teyandee (R) (PD)_tile449.png
About Kyatto Ninden Teyandee (R) (PD),450,tiles/About Kyatto Ninden Teyandee (R) (PD)_tile450.png
About Kyatto Ninden Teyandee (R) (PD),451,tiles/About Kyatto Ninden Teyandee (R) (PD)_tile451.png
About Kyatto Ninden Teyandee (R) (PD),452,tiles/About Kyatto Ninden Teyandee (R) (PD)_tile452.png
About Kyatto Ninden Teyandee (R) (PD),453,tiles/About Kyatto Ninden Teyandee (R) (PD)_tile453.png
About Kyatto Ninden Teyandee (R) (PD),454,tiles/About Kyatto Ninden Teyandee (R) (PD)_tile454.png
About Kyatto Ninden Teyandee (R) (PD),455,tiles/About Kyatto Ninden Teyandee (R) (PD)_tile455.png
About Kyatto Ninden Teyandee (R) (PD),456,tiles/About Kyatto Ninden Teyandee (R) (PD)_tile456.png
About Kyatto Ninden Teyandee (R) (PD),457,tiles/About Kyatto Ninden Teyandee (R) (PD)_tile457.png
About Kyatto Ninden Teyandee (R) (PD),458,tiles/About Kyatto Ninden Teyandee (R) (PD)_tile458.png
About Kyatto Ninden Teyandee (R) (PD),459,tiles/About Kyatto Ninden Teyandee (R) (PD)_tile459.png
About Kyatto Ninden Teyandee (R) (PD),460,tiles/About Kyatto Ninden Teyandee (R) (PD)_tile460.png
About Kyatto Ninden Teyandee (R) (PD),461,tiles/About Kyatto Ninden Teyandee (R) (PD)_tile461.png
About Kyatto Ninden Teyandee (R) (PD),462,tiles/About Kyatto Ninden Teyandee (R) (PD)_tile462.png
About Kyatto Ninden Teyandee (R) (PD),463,tiles/About Kyatto Ninden Teyandee (R) (PD)_tile463.png
About Kyatto Ninden Teyandee (R) (PD),464,tiles/About Kyatto Ninden Teyandee (R) (PD)_tile464.png
About Kyatto Ninden Teyandee (R) (PD),465,tiles/About Kyatto Ninden Teyandee (R) (PD)_tile465.png
About Kyatto Ninden Teyandee (R) (PD),466,tiles/About Kyatto Ninden Teyandee (R) (PD)_tile466.png
About Kyatto Ninden Teyandee (R) (PD),467,tiles/About Kyatto Ninden Teyandee (R) (PD)_tile467.png
About Kyatto Ninden Teyandee (R) (PD),468,tiles/About Kyatto Ninden Teyandee (R) (PD)_tile468.png
About Kyatto Ninden Teyandee (R) (PD),469,tiles/About Kyatto Ninden Teyandee (R) (PD)_tile469.png
About Kyatto Ninden Teyandee (R) (PD),470,tiles/About Kyatto Ninden Teyandee (R) (PD)_tile470.png
About Kyatto Ninden Teyandee (R) (PD),471,tiles/About Kyatto Ninden Teyandee (R) (PD)_tile471.png
About Kyatto Ninden Teyandee (R) (PD),472,tiles/About Kyatto Ninden Teyandee (R) (PD)_tile472.png
About Kyatto Ninden Teyandee (R) (PD),473,tiles/About Kyatto Ninden Teyandee (R) (PD)_tile473.png
About Kyatto Ninden Teyandee (R) (PD),474,tiles/About Kyatto Ninden Teyandee (R) (PD)_tile474.png
About Kyatto Ninden Teyandee (R) (PD),475,tiles/About Kyatto Ninden Teyandee (R) (PD)_tile475.png
About Kyatto Ninden Teyandee (R) (PD),476,tiles/About Kyatto Ninden Teyandee (R) (PD)_tile476.png
About Kyatto Ninden Teyandee (R) (PD),477,tiles/About Kyatto Ninden Teyandee (R) (PD)_tile477.png
About Kyatto Ninden Teyandee (R) (PD),478,tiles/About Kyatto Ninden Teyandee (R) (PD)_tile478.png
About Kyatto Ninden Teyandee (R) (PD),479,tiles/About Kyatto Ninden Teyandee (R) (PD)_tile479.png
About Kyatto Ninden Teyandee (R) (PD),480,tiles/About Kyatto Ninden Teyandee (R) (PD)_tile480.png
About Kyatto Ninden Teyandee (R) (PD),481,tiles/About Kyatto Ninden Teyandee (R) (PD)_tile481.png
About Kyatto Ninden Teyandee (R) (PD),482,tiles/About Kyatto Ninden Teyandee (R) (PD)_tile482.png
About Kyatto Ninden Teyandee (R) (PD),483,tiles/About Kyatto Ninden Teyandee (R) (PD)_tile483.png
About Kyatto Ninden Teyandee (R) (PD),484,tiles/About Kyatto Ninden Teyandee (R) (PD)_tile484.png
About Kyatto Ninden Teyandee (R) (PD),485,tiles/About Kyatto Ninden Teyandee (R) (PD)_tile485.png
About Kyatto Ninden Teyandee (R) (PD),486,tiles/About Kyatto Ninden Teyandee (R) (PD)_tile486.png
About Kyatto Ninden Teyandee (R) (PD),487,tiles/About Kyatto Ninden Teyandee (R) (PD)_tile487.png
About Kyatto Ninden Teyandee (R) (PD),488,tiles/About Kyatto Ninden Teyandee (R) (PD)_tile488.png
About Kyatto Ninden Teyandee (R) (PD),489,tiles/About Kyatto Ninden Teyandee (R) (PD)_tile489.png
About Kyatto Ninden Teyandee (R) (PD),490,tiles/About Kyatto Ninden Teyandee (R) (PD)_tile490.png
About Kyatto Ninden Teyandee (R) (PD),491,tiles/About Kyatto Ninden Teyandee (R) (PD)_tile491.png
About Kyatto Ninden Teyandee (R) (PD),492,tiles/About Kyatto Ninden Teyandee (R) (PD)_tile492.png
About Kyatto Ninden Teyandee (R) (PD),493,tiles/About Kyatto Ninden Teyandee (R) (PD)_tile493.png
About Kyatto Ninden Teyandee (R) (PD),494,tiles/About Kyatto Ninden Teyandee (R) (PD)_tile494.png
About Kyatto Ninden Teyandee (R) (PD),495,tiles/About Kyatto Ninden Teyandee (R) (PD)_tile495.png
About Kyatto Ninden Teyandee (R) (PD),496,tiles/About Kyatto Ninden Teyandee (R) (PD)_tile496.png
About Kyatto Ninden Teyandee (R) (PD),497,tiles/About Kyatto Ninden Teyandee (R) (PD)_tile497.png
About Kyatto Ninden Teyandee (R) (PD),498,tiles/About Kyatto Ninden Teyandee (R) (PD)_tile498.png
About Kyatto Ninden Teyandee (R) (PD),499,tiles/About Kyatto Ninden Teyandee (R) (PD)_tile499.png
About Kyatto Ninden Teyandee (R) (PD),500,tiles/About Kyatto Ninden Teyandee (R) (PD)_tile500.png
About Kyatto Ninden Teyandee (R) (PD),501,tiles/About Kyatto Ninden Teyandee (R) (PD)_tile501.png
About Kyatto Ninden Teyandee (R) (PD),502,tiles/About Kyatto Ninden Teyandee (R) (PD)_tile502.png
About Kyatto Ninden Teyandee (R) (PD),503,tiles/About Kyatto Ninden Teyandee (R) (PD)_tile503.png
About Kyatto Ninden Teyandee (R) (PD),504,tiles/About Kyatto Ninden Teyandee (R) (PD)_tile504.png
About Kyatto Ninden Teyandee (R) (PD),505,tiles/About Kyatto Ninden Teyandee (R) (PD)_tile505.png
About Kyatto Ninden Teyandee (R) (PD),506,tiles/About Kyatto Ninden Teyandee (R) (PD)_tile506.png
About Kyatto Ninden Teyandee (R) (PD),507,tiles/About Kyatto Ninden Teyandee (R) (PD)_tile507.png
About Kyatto Ninden Teyandee (R) (PD),508,tiles/About Kyatto Ninden Teyandee (R) (PD)_tile508.png
About Kyatto Ninden Teyandee (R) (PD),509,tiles/About Kyatto Ninden Teyandee (R) (PD)_tile509.png
About Kyatto Ninden Teyandee (R) (PD),510,tiles/About Kyatto Ninden Teyandee (R) (PD)_tile510.png
About Kyatto Ninden Teyandee (R) (PD),511,tiles/About Kyatto Ninden Teyandee (R) (PD)_tile511.png
